"attage","sex","smoker","exposure","actual_dths","expected_dths","actual_mort","expected_mort"
48,"F","N",103.7392,0,0.21587,0,0.00208089131205947
48,"F","S",26.8865,0,0.11311,0,0.00420694400535585
48,"F","U",17.4801,0,0.04479,0,0.00256234232069611
48,"M","N",215.873,0,0.55194,0,0.00255678107035155
48,"M","S",26.2061,0,0.13158,0,0.00502096840048691
48,"M","U",53.2188,0,0.17141,0,0.00322085428457613
48,"U","N",8.6147,0,0.02274,0,0.00263967404552683
49,"F","N",381.3701,1,0.83859,0.00262212480737216,0.00219888764221422
49,"F","S",74.0778,0,0.32816,0,0.00442993717416014
49,"F","U",149.2849,0,0.39097,0,0.00261895208423625
49,"M","N",484.1304,0,1.25975,0,0.00260208819772524
49,"M","S",112.7738,0,0.63479,0,0.00562887833876308
49,"M","U",112.0944,0,0.36456,0,0.00325225881043121
49,"U","N",7.4752,0,0.01579,0,0.00211231806506849
49,"U","S",3.5394,0,0.01985,0,0.00560829519127536
49,"U","U",3.6547,0,0.01131,0,0.00309464525132022
50,"F","N",793.7525,1,1.672,0.0012598385516896,0.00210645005842501
50,"F","S",124.0918,1,0.55043,0.0080585502023502,0.00443566778787962
50,"F","U",251.5114,0,0.68843,0,0.00273717215203764
50,"M","N",1179.5952,3,3.0894,0.00254324534382642,0.00261903405507245
50,"M","S",228.5581,0,1.22061,0,0.00534048016674972
50,"M","U",450.781,1,1.4981,0.00221837211417518,0.00332334326424583
50,"U","N",38.0602,1,0.09537,0.0262741656638693,0.00250576717936322
50,"U","S",5.4219,0,0.02766,0,0.00510153267304819
50,"U","U",8.5035,0,0.02767,0,0.00325395425413065
51,"F","N",1364.221,2,3.06915,0.00146603812725358,0.00224974545913016
51,"F","S",266.2321,0,1.21544,0,0.00456533979185831
51,"F","U",515.7955,1,1.47453,0.00193875285844875,0.00285874925236843
51,"M","N",1932.4701,5,5.14704,0.00258736215375338,0.00266345129997095
51,"M","S",400.6871,2,2.19851,0.00499142597802625,0.00548684996347524
51,"M","U",766.2708,3,2.6445,0.00391506501356962,0.00345112980946162
51,"U","N",62.8842,0,0.16354,0,0.00260065326425398
51,"U","S",15.619,0,0.0849,0,0.00543568730392471
51,"U","U",16.2945,0,0.05531,0,0.00339439688238363
52,"F","N",2177.4269,3,5.08903,0.00137777300353918,0.00233717604940033
52,"F","S",361.996,1,1.74356,0.00276246146366258,0.00481651730958353
52,"F","U",669.964,1,2.03921,0.00149261751377686,0.00304376056026891
52,"M","N",3263.5497,14,9.22865,0.00428980750622551,0.00282779514588057
52,"M","S",581.2036,2,3.39826,0.00344113491382366,0.00584693556612519
52,"M","U",1205.9242,7,4.3672,0.00580467661234429,0.00362145481449
52,"U","N",74.0559,0,0.19918,0,0.00268958989087973
52,"U","S",12.4573,0,0.0562,0,0.00451141097990736
52,"U","U",18.6381,0,0.06581,0,0.00353093931248357
53,"F","N",2687.8776,6,6.67376,0.00223224450399081,0.00248291068015895
53,"F","S",516.2964,1,2.73868,0.00193687192085786,0.00530447239221501
53,"F","U",958.5569,3,3.06599,0.00312970466333297,0.00319854773357742
53,"M","N",4055.5681,9,12.03707,0.00221917121796081,0.00296803547695328
53,"M","S",748.9581,6,4.62853,0.00801112906049084,0.00617995853172561
53,"M","U",1567.3748,5,6.06175,0.00319004746025009,0.0038674540384342
53,"U","N",130.8414,0,0.34964,0,0.00267224288336872
53,"U","S",15.8007,0,0.08778,0,0.00555545007499668
53,"U","U",52.2751,0,0.18964,0,0.00362773098473269
54,"F","N",3165.9154,7,8.48211,0.00221105087015275,0.00267919667089019
54,"F","S",522.9996,3,2.91182,0.00573614205441075,0.0055675377189581
54,"F","U",1307.129,6,4.55874,0.00459021259569637,0.00348759762808414
54,"M","N",4646.7924,13,14.72001,0.00279762874709014,0.00316777870257341
54,"M","S",855.8809,5,5.66618,0.005841934315861,0.00662029027636906
54,"M","U",1658.6926,9,6.87326,0.00542596018092804,0.00414378167479616
54,"U","N",125.822,0,0.38259,0,0.00304072419767608
54,"U","S",18.4032,1,0.11564,0.0543383759346201,0.00628368979307947
54,"U","U",42.2447,0,0.16231,0,0.00384213877717205
55,"F","N",3537.7043,5,10.11047,0.00141334593736396,0.00285791833986803
55,"F","S",641.5186,1,3.73308,0.00155880125689263,0.00581912979608074
55,"F","U",1330.6319,4,4.99937,0.00300609056494136,0.00375713974691273
55,"M","N",4976.6859,22,16.81983,0.00442061252047271,0.00337972504955557
55,"M","S",1005.6989,4,7.22168,0.00397733357369686,0.00718075758062378
55,"M","U",1986.6459,5,9.01689,0.00251680483170151,0.00453875046378421
55,"U","N",172.9372,0,0.55661,0,0.00321856720242955
55,"U","S",21.1266,0,0.16314,0,0.00772201868734202
55,"U","U",54.0402,1,0.22183,0.0185047427655708,0.00410490708768657
56,"F","N",3705.451,3,11.61074,0.000809618046494205,0.00313342154571738
56,"F","S",678.9068,1,4.46695,0.00147295622904352,0.00657962182732593
56,"F","U",1602.4428,6,6.53382,0.0037442834152957,0.00407741231075456
56,"M","N",5396.1121,15,19.91185,0.00277977916730084,0.00369003638749462
56,"M","S",1043.3404,9,8.41099,0.00862613965681766,0.00806159715467742
56,"M","U",2220.9823,8,11.06821,0.00360200979539549,0.00498347510468679
56,"U","N",207.277,2,0.71805,0.00964892390376163,0.00346420490454802
56,"U","S",27.437,0,0.20606,0,0.00751029631519481
56,"U","U",67.0148,0,0.34329,0,0.00512259978392833
57,"F","N",3652.2797,6,12.50622,0.001642809558096,0.00342422295860856
57,"F","S",684.4577,3,5.01578,0.00438303199744849,0.0073281080773874
57,"F","U",1528.3686,7,7.05793,0.00458004698604774,0.00461795014631941
57,"M","N",5444.3943,17,22.12941,0.00312247773824905,0.00406462294621093
57,"M","S",1163.8945,9,10.21907,0.00773265961820423,0.00878006554717803
57,"M","U",2460.2506,8,13.76357,0.00325170126978122,0.00559437725571533
57,"U","N",128.0616,0,0.495,0,0.00386532731123147
57,"U","S",21.0695,0,0.17071,0,0.00810223308574005
57,"U","U",70.203,1,0.36198,0.0142444055097361,0.00515618990641426
58,"F","N",3566.1965,5,13.33272,0.00140205398104115,0.00373863863082138
58,"F","S",713.964,2,5.66658,0.00280126168826439,0.00793678672874262
58,"F","U",1637.577,5,8.35777,0.00305329153987874,0.00510374168665046
58,"M","N",5262.6688,17,23.64328,0.00323030018533562,0.00449264069211424
58,"M","S",1118.4009,5,10.74863,0.00447066879148613,0.00961071293844631
58,"M","U",2461.4776,13,14.98171,0.00528138058213489,0.00608647017547509
58,"U","N",168.3636,1,0.73323,0.00593952612084797,0.00435503873758936
58,"U","S",32.6024,0,0.29292,0,0.00898461462959782
58,"U","U",85.2573,0,0.46999,0,0.00551260713158873
59,"F","N",3352.6328,10,13.70178,0.00298273046782815,0.00408687166694784
59,"F","S",703.4579,2,5.99154,0.00284309835741414,0.00851726876619056
59,"F","U",1715.9867,5,9.64349,0.00291377549721102,0.0056197929739199
59,"M","N",5357.9059,20,26.5005,0.00373280165297416,0.00494605551023209
59,"M","S",1108.2115,6,11.72277,0.00541412898169709,0.0105780981337949
59,"M","U",2754.7656,19,18.54094,0.00689713854420136,0.00673049641682762
59,"U","N",170.0003,1,0.77504,0.00588234256057195,0.00455905077814569
59,"U","S",23.4495,0,0.22832,0,0.0097366681592358
59,"U","U",70.3441,0,0.46262,0,0.00657652880625383
60,"F","N",3253.1554,6,14.64432,0.00184436316814131,0.00450157407174585
60,"F","S",674.7633,2,6.45898,0.00296400233978345,0.00957221591630725
60,"F","U",1644.8645,9,9.82886,0.0054715753182101,0.00597548308690473
60,"M","N",5361.1179,25,29.55207,0.00466320653011567,0.00551229623209741
60,"M","S",1161.9109,8,13.43693,0.00688520952854474,0.0115645098087986
60,"M","U",2799.1966,18,20.87137,0.00643041649879112,0.00745620011113189
60,"U","N",126.3406,0,0.65055,0,0.00514917611599122
60,"U","S",25.5472,0,0.27279,0,0.0106778825076721
60,"U","U",71.5334,0,0.48447,0,0.00677264047284206
61,"F","N",3311.3937,5,15.80167,0.00150993824745152,0.00477190918132145
61,"F","S",671.3064,5,6.99846,0.00744816375949939,0.0104251352288612
61,"F","U",1699.9766,8,11.07926,0.0047059471289193,0.00651730147344381
61,"M","N",5126.0338,15,30.68065,0.00292623899592703,0.00598526096335923
61,"M","S",1122.7043,10,14.09352,0.00890706484334299,0.0125531896510951
61,"M","U",2989.0265,19,24.9649,0.006356584660591,0.00835218423122043
61,"U","N",129.4879,0,0.73744,0,0.00569504949883348
61,"U","S",28.2976,0,0.32238,0,0.0113924855818161
61,"U","U",89.0732,1,0.65217,0.0112267213931912,0.00732173089099752
62,"F","N",2893.4677,9,15.2744,0.00311045462854139,0.00527892535313251
62,"F","S",745.8276,3,8.44739,0.00402237728933603,0.0113261965633881
62,"F","U",1706.9854,9,12.25364,0.00527245282824329,0.00717852654158612
62,"M","N",5122.0177,22,33.70061,0.00429518234581657,0.00657955750523861
62,"M","S",1146.7921,11,15.78365,0.00959197399424011,0.0137633054849262
62,"M","U",3049.0251,27,27.59371,0.00885528951532738,0.00905001077229571
62,"U","N",160.3588,0,0.95578,0,0.00596025911892581
62,"U","S",34.663,0,0.47827,0,0.0137977093731068
62,"U","U",83.0378,0,0.70999,0,0.00855020243792586
63,"F","N",2816.1322,9,16.05177,0.00319587269376061,0.00569993482550287
63,"F","S",665.3791,6,7.98414,0.00901741578597825,0.0119993850122434
63,"F","U",1809.4303,8,14.07255,0.00442128110709763,0.00777733743046085
63,"M","N",4811.6695,20,35.48048,0.00415656145959318,0.00737383978679334
63,"M","S",1189.5348,10,17.6886,0.00840664770799476,0.0148701828647636
63,"M","U",3062.3275,19,30.83487,0.00620443110673173,0.0100690961368436
63,"U","N",123.3944,2,0.84524,0.0162081909713893,0.00684990566832855
63,"U","S",33.6281,1,0.48168,0.0297370353959932,0.014323735209542
63,"U","U",153.0783,0,1.32522,0,0.00865713820966133
64,"F","N",2671.0601,7,16.57881,0.00262068232758971,0.00620682776849536
64,"F","S",600.6059,2,8.01367,0.00332997061800425,0.0133426428211911
64,"F","U",1657.7457,10,13.74955,0.00603228830573954,0.0082941249674181
64,"M","N",4540.8211,22,36.53596,0.00484493872705093,0.00804611306972653
64,"M","S",1159.5203,13,19.07952,0.0112115329071858,0.0164546666410239
64,"M","U",3226.7535,29,35.42603,0.00898736144549003,0.0109788460754749
64,"U","N",108.7975,1,0.76152,0.00919138766975344,0.00699942553827064
64,"U","S",32.8084,0,0.50817,0,0.0154890211043513
64,"U","U",76.8907,1,0.78947,0.0130054740040083,0.0102674315619444
65,"F","N",2588.5595,14,17.6913,0.00540841344384782,0.0068344189113675
65,"F","S",594.3917,3,8.48449,0.00504717680277164,0.0142742403704493
65,"F","U",1545.4925,11,13.88795,0.00711747226207827,0.00898609990019363
65,"M","N",4321.768,28,38.844,0.00647882996033105,0.00898798824925355
65,"M","S",1161.4394,16,21.16197,0.0137760093208479,0.018220468497969
65,"M","U",3224.1561,35,40.0327,0.0108555537990236,0.0124164893877192
65,"U","N",106.5711,1,0.83576,0.00938340694616083,0.00784227618932337
65,"U","S",17.0829,0,0.29103,0,0.0170363345801942
65,"U","U",97.3928,0,1.04506,0,0.0107303619980122
66,"F","N",2237.3984,18,16.13855,0.0080450580459877,0.00721308730711526
66,"F","S",524.9337,3,8.30988,0.00571500743808218,0.0158303420031901
66,"F","U",1470.5337,11,14.33095,0.00748027739860705,0.00974540739868797
66,"M","N",4115.9581,32,40.68937,0.00777461753072754,0.0098857590411331
66,"M","S",1124.6154,18,22.03972,0.0160054717372713,0.0195975619754096
66,"M","U",3398.7909,30,45.95393,0.00882666833078787,0.0135206699535414
66,"U","N",136.9926,3,1.22074,0.021898993084298,0.00891099227257531
66,"U","S",24.2689,1,0.44384,0.0412049989904775,0.0182884267519335
66,"U","U",105.5449,1,1.32358,0.00947464065056672,0.0125404448722771
67,"F","N",2135.0513,9,17.09988,0.00421535538747945,0.00800911903147245
67,"F","S",582.2127,10,9.54588,0.0171758534295112,0.0163958635735703
67,"F","U",1623.1895,8,17.19557,0.00492856810618846,0.0105936922337164
67,"M","N",3889.7957,27,42.46889,0.00694123858484393,0.0109180258490182
67,"M","S",1006.7654,12,21.95354,0.0119193607567364,0.0218060135956202
67,"M","U",3173.5803,39,47.90143,0.0122889595703628,0.0150938137598094
67,"U","N",101.0146,0,1.05731,0,0.0104669028041491
67,"U","S",24.7238,0,0.46549,0,0.0188276074066284
67,"U","U",79.3395,1,1.10087,0.0126040622892758,0.0138754340523951
68,"F","N",1959.2945,10,16.8106,0.00510387795198731,0.00857992506996779
68,"F","S",541.7726,6,9.74697,0.0110747571951775,0.0179908876897798
68,"F","U",1446.4672,14,16.67639,0.00967875386320547,0.0115290481526301
68,"M","N",3564.7811,33,43.07697,0.00925723040890225,0.0120840435335567
68,"M","S",1057.9867,18,24.8989,0.0170134463883147,0.0235342277932227
68,"M","U",3269.8765,50,54.93816,0.0152910973854823,0.0168012950947842
68,"U","N",107.3533,1,1.10928,0.00931503735795732,0.0103329846404349
68,"U","S",25.5108,0,0.69915,0,0.0274060397949104
68,"U","U",80.1571,2,1.16742,0.0249510024689017,0.0145641496511226
69,"F","N",1880.4523,7,17.61162,0.00372250867517352,0.00936562974769421
69,"F","S",509.6333,8,9.95258,0.0156975613642201,0.0195289044102887
69,"F","U",1514.7483,12,19.13591,0.00792210824729099,0.0126330625358682
69,"M","N",3324.2683,41,43.81,0.0123335411885978,0.0131788399871334
69,"M","S",980.5786,15,25.45905,0.0152970909216253,0.0259632935085469
69,"M","U",3208.9873,33,57.78265,0.0102836181370989,0.0180065062893829
69,"U","N",89.575,1,1.14542,0.0111638291934133,0.0127872732347195
69,"U","S",30.1104,0,0.73664,0,0.0244646368032308
69,"U","U",100.9885,0,1.74816,0,0.0173104858473985
70,"F","N",1701.246,8,17.65307,0.00470243574415458,0.0103765534202579
70,"F","S",467.2984,4,9.73048,0.00855984099239373,0.0208228403949168
70,"F","U",1459.5343,15,20.02709,0.010277250764165,0.0137215617337667
70,"M","N",3179.7081,29,45.80164,0.00912033403317745,0.0144043536574945
70,"M","S",869.0806,17,23.89944,0.0195609014860072,0.0274996818476905
70,"M","U",3228.2689,55,64.03674,0.0170369946567958,0.0198362472221567
70,"U","N",95.771,0,1.21552,0,0.0126919422372117
70,"U","S",24.1719,1,0.61341,0.0413703515238769,0.0253769873282613
70,"U","U",97.3437,0,1.80057,0,0.0184970367882051
71,"F","N",1634.5451,16,18.9233,0.0097886561833014,0.0115771048470917
71,"F","S",421.0978,6,9.7541,0.0142484714952203,0.0231635026352548
71,"F","U",1426.5321,15,21.36977,0.010515010492929,0.0149802237187652
71,"M","N",2815.9124,28,45.84873,0.00994349113985222,0.0162820157331599
71,"M","S",895.0863,22,27.27229,0.0245786356019526,0.0304688944518534
71,"M","U",3214.9431,48,69.7818,0.0149302797925102,0.0217054541338539
71,"U","N",63.5867,0,0.84818,0,0.0133389529571436
71,"U","S",32.0008,0,0.94474,0,0.0295223869403265
71,"U","U",99.4693,2,2.05406,0.0201067062902825,0.0206501905613089
72,"F","N",1490.1631,11,18.09006,0.00738174230726824,0.0121396510220928
72,"F","S",405.287,8,10.33278,0.0197390984660253,0.0254949702309721
72,"F","U",1436.8163,19,23.32122,0.0132236807168738,0.0162311772214722
72,"M","N",2739.0853,33,49.68802,0.0120478175688797,0.0181403697066316
72,"M","S",824.6588,28,26.98056,0.0339534362575164,0.0327172401482892
72,"M","U",3307.8268,48,78.74658,0.0145110378814272,0.0238061376127674
72,"U","N",70.3156,0,1.10152,0,0.0156653715533964
72,"U","S",21.4022,1,0.60774,0.0467241685434208,0.0283961461905785
72,"U","U",108.9945,1,2.34303,0.00917477487396153,0.0214967727729381
73,"F","N",1405.8184,20,19.35105,0.014226588583561,0.0137649713504959
73,"F","S",398.804,6,10.50672,0.015044984503666,0.0263455732640595
73,"F","U",1369.8865,20,24.78992,0.0145997496872916,0.0180963313383992
73,"M","N",2564.238,29,51.6521,0.0113094026373527,0.0201432550332691
73,"M","S",829.4708,28,29.60753,0.0337564625541972,0.0356944813488311
73,"M","U",3345.5396,68,86.88324,0.0203255702009924,0.0259698734398481
73,"U","N",68.3383,0,1.18895,0,0.017398003754849
73,"U","S",23.3637,0,0.87111,0,0.0372847622594024
73,"U","U",74.3696,3,1.74686,0.0403390632731654,0.0234888986897872
74,"F","N",1302.2236,12,19.36738,0.00921500731517997,0.0148725456979892
74,"F","S",421.0398,7,12.7319,0.0166255066623155,0.0302391840391336
74,"F","U",1303.4601,26,25.52567,0.0199469090001297,0.0195830083329747
74,"M","N",2406.6607,30,54.16971,0.0124654048657544,0.0225082455536836
74,"M","S",794.3553,19,31.48748,0.0239187678360049,0.0396390380979393
74,"M","U",3182.7477,68,91.56796,0.0213651870677654,0.0287700969825538
74,"U","N",61.0501,3,1.28074,0.0491399686487,0.020978507815712
74,"U","S",21.2976,1,0.76682,0.0469536473593269,0.036004995868079
74,"U","U",71.4477,3,1.89992,0.0419887554113009,0.0265917587270129
75,"F","N",1219.9549,8,20.46155,0.00655761946609666,0.0167723823233138
75,"F","S",374.7689,11,11.66188,0.0293514216361069,0.0311175233590621
75,"F","U",1330.1709,18,28.1169,0.0135320957630332,0.0211378101866459
75,"M","N",2199.5894,47,55.40459,0.0213676243393426,0.0251886056552191
75,"M","S",853.1007,22,36.92987,0.0257882803284536,0.0432889927296977
75,"M","U",3135.6164,72,100.03958,0.0229619924171847,0.031904278852477
75,"U","N",53.6791,0,1.17465,0,0.0218828184526194
75,"U","S",25.5687,1,1.00715,0.0391103184753233,0.0393899572524219
75,"U","U",66.0664,3,1.89785,0.045408861387937,0.0287264025283654
76,"F","N",1176.1407,15,21.4064,0.012753576166525,0.0182005435234067
76,"F","S",384.1991,13,13.34121,0.0338366227302459,0.0347247299642295
76,"F","U",1421.6242,29,33.20154,0.020399202545933,0.0233546530792034
76,"M","N",2140.0672,22,60.05312,0.0102800510189587,0.0280613244294385
76,"M","S",719.6233,25,33.84856,0.0347403982055612,0.0470364981233932
76,"M","U",3194.0657,86,112.30312,0.0269249314439587,0.0351599279877054
76,"U","N",68.986,1,1.57354,0.0144956947786507,0.0228095555619981
76,"U","S",21.5926,0,0.99256,0,0.0459676000111149
76,"U","U",81.4138,2,2.82175,0.0245658598419433,0.0346593575045017
77,"F","N",1146.4919,15,22.89467,0.0130833894247312,0.0199693255573807
77,"F","S",350.8225,4,13.73082,0.0114017772520292,0.0391389377819268
77,"F","U",1495.7418,25,38.7933,0.0167141146954642,0.025935826624622
77,"M","N",2121.2706,47,66.16445,0.0221565320332069,0.031190952252862
77,"M","S",728.2078,25,37.40129,0.0343308599550842,0.0513607379651797
77,"M","U",3289.7001,109,127.08703,0.0331337193928407,0.0386317980778856
77,"U","N",47.6074,1,1.2893,0.0210051378567198,0.0270819242386688
77,"U","S",17.2108,0,0.82139,0,0.0477252655309457
77,"U","U",101.5205,3,3.52827,0.0295506818819844,0.0347542614545831
78,"F","N",1035.2929,13,23.41424,0.012556832950366,0.0226160538722906
78,"F","S",369.8084,14,15.3495,0.0378574418536734,0.0415066288380686
78,"F","U",1473.1787,43,41.73153,0.029188583842544,0.0283275409833172
78,"M","N",1875.5699,47,64.75471,0.0250590500519335,0.0345253514678392
78,"M","S",784.7526,35,44.38532,0.0446000433767279,0.0565596342082842
78,"M","U",3418.6786,104,148.21631,0.0304211106595396,0.0433548535390253
78,"U","N",42.6704,1,1.19733,0.0234354493981777,0.0280599666279201
78,"U","S",19.075,0,0.95673,0,0.0501562254259502
78,"U","U",84.3053,3,3.45496,0.0355849513613023,0.0409815278517483
79,"F","N",983.24,17,24.44026,0.0172897766567674,0.0248568609901957
79,"F","S",336.3375,12,15.48876,0.0356784479875125,0.0460512431709221
79,"F","U",1539.7943,46,47.39581,0.0298741201990422,0.0307806114102384
79,"M","N",1732.1083,51,66.76279,0.0294438863897829,0.0385442353691164
79,"M","S",699.2109,42,42.63331,0.0600677134752905,0.0609734630853152
79,"M","U",3398.2468,119,162.21748,0.0350180569580761,0.0477356382708872
79,"U","N",59.4826,3,2.10629,0.0504349171018079,0.035410187180789
79,"U","S",17.0355,0,0.78166,0,0.0458841830295559
79,"U","U",115.7693,4,4.79222,0.0345514743546001,0.0413945666079004
80,"F","N",934.7897,16,25.47302,0.0171161492258633,0.0272500007220875
80,"F","S",295.3402,12,14.14286,0.0406311094798473,0.0478866744181794
80,"F","U",1550.4836,38,52.44495,0.0245084823857537,0.0338248982446509
80,"M","N",1616.9106,47,69.95521,0.0290677790101691,0.0432647358487229
80,"M","S",770.9552,31,50.59998,0.0402098591461605,0.0656328409225335
80,"M","U",3162.3663,149,167.42717,0.0471166164400373,0.0529436359096035
80,"U","N",49.2695,1,1.88428,0.0202965323374501,0.0382443499528106
80,"U","S",15.6769,0,0.92398,0,0.058938948389031
80,"U","U",91.7006,2,4.3041,0.0218101081127059,0.0469364431639488
81,"F","N",828.95,15,24.98915,0.0180951806502202,0.0301455455696966
81,"F","S",302.0185,18,16.27618,0.0595989980746213,0.0538913344712327
81,"F","U",1557.9442,54,58.68583,0.034661061673454,0.0376687624627378
81,"M","N",1483.5569,48,72.80652,0.0323546740944011,0.0490756505530728
81,"M","S",755.4229,38,54.92459,0.0503029495134447,0.0727070757320171
81,"M","U",3275.053,156,191.93998,0.0476328169345656,0.0586066790369499
81,"U","N",50.4933,1,2.01028,0.0198046077400368,0.0398128068476412
81,"U","S",25.535,1,1.87505,0.0391619345995692,0.0734305854709223
81,"U","U",72.0873,2,3.7993,0.0277441380104401,0.0527041517715326
82,"F","N",837.5939,20,28.09858,0.0238779198368087,0.0335467820384079
82,"F","S",300.3632,17,17.84882,0.0565981451789034,0.0594241238607126
82,"F","U",1327.0298,54,55.47597,0.0406923793271259,0.0418046150885233
82,"M","N",1357.4202,53,74.32267,0.0390446524959626,0.0547528834475868
82,"M","S",641.0458,34,52.2445,0.0530383320505337,0.0814988570239443
82,"M","U",3171.707,162,204.61564,0.0510765969239908,0.064512781287805
82,"U","N",34.68,2,1.6215,0.0576701268742791,0.0467560553633218
82,"U","S",25.431,0,2.01462,0,0.0792190633478825
82,"U","U",116.6385,5,6.83908,0.0428674922945683,0.0586348418403872
83,"F","N",761.6293,20,28.50098,0.0262594939559179,0.0374210656023869
83,"F","S",283.8167,16,17.68723,0.0563744134858872,0.0623192010899993
83,"F","U",1460.5928,63,66.28068,0.0431331716820732,0.0453793007880088
83,"M","N",1140.8344,44,69.41293,0.0385682619668551,0.0608440015483404
83,"M","S",717.2597,37,63.48235,0.0515852208063551,0.088506784920441
83,"M","U",3123.247,157,222.39143,0.0502681984486017,0.0712052008694797
83,"U","N",36.059,2,1.95042,0.0554646551485066,0.0540896863473751
83,"U","S",16.0157,1,1.16269,0.0624387319942307,0.0725968893023721
83,"U","U",85.9095,3,5.5748,0.0349204686326891,0.064891542844505
84,"F","N",661.2237,23,27.34902,0.0347839921648301,0.0413612216259036
84,"F","S",273.5946,14,18.93955,0.0511706005893391,0.0692248677422727
84,"F","U",1291.0866,64,65.7337,0.0495706484754779,0.0509134708701957
84,"M","N",1035.6517,51,69.35286,0.0492443550278535,0.0669654286281768
84,"M","S",583.78,34,55.91133,0.05824111822947,0.0957746582616739
84,"M","U",2980.1379,185,233.17637,0.0620776642584224,0.078243483296528
84,"U","N",21.466,0,1.18933,0,0.0554052920898165
84,"U","S",22.5795,1,1.97936,0.0442879603179876,0.0876618171350119
84,"U","U",93.7511,8,6.44023,0.0853323321006367,0.0686949806455604
85,"F","N",586.4175,27,26.56832,0.0460422821624525,0.0453061513341604
85,"F","S",258.4936,17,18.96878,0.0657656514513319,0.0733820102315879
85,"F","U",1180.761,67,64.67786,0.0567430665477603,0.0547764196141302
85,"M","N",891.6738,48,65.46394,0.0538313450501742,0.0734169154684146
85,"M","S",612.9244,42,63.72218,0.0685239484673803,0.103964175679741
85,"M","U",2634.7849,179,227.18492,0.0679372346486425,0.0862252246853244
85,"U","N",24.5805,0,1.35747,0,0.0552254836150607
85,"U","S",13.6809,0,1.18583,0,0.0866777770468317
85,"U","U",82.8082,2,6.65158,0.0241521974876884,0.0803251368825793
86,"F","N",541.9329,21,26.8668,0.0387501847553452,0.0495758792278527
86,"F","S",237.8849,15,19.39207,0.0630557046706201,0.0815187092581328
86,"F","U",1370.0969,81,82.92844,0.0591199060446017,0.0605274269287085
86,"M","N",736.5223,52,61.2816,0.0706020713833105,0.0832039980323746
86,"M","S",489.4815,53,55.83124,0.108277840939852,0.114062002343296
86,"M","U",2685.3951,173,256.42193,0.0644225499629459,0.0954875988267052
86,"U","N",21.6097,0,1.57163,0,0.0727279878943252
86,"U","S",5.1514,1,0.50005,0.194121986256163,0.0970706992273945
86,"U","U",74.1511,5,6.84274,0.0674298830361249,0.0922810315693226
87,"F","N",469.1183,18,26.50848,0.0383698525510516,0.0565070260529167
87,"F","S",168.8654,12,15.02544,0.0710625148787141,0.0889787961299355
87,"F","U",1028.866,63,69.31483,0.0612324637027562,0.0673701240005987
87,"M","N",748.4873,56,68.96318,0.0748175687149268,0.0921367403294618
87,"M","S",411.6016,35,51.0793,0.0850336830566256,0.12409888591298
87,"M","U",2407.3706,225,253.2774,0.093462967438416,0.105209143951496
87,"U","N",26.3485,1,2.06508,0.0379528246389738,0.0783756191054519
87,"U","S",12.5543,0,1.49295,0,0.1189194140653
87,"U","U",92.4632,6,8.24848,0.0648906808330233,0.0892082471729293
88,"F","N",365.941,24,22.01402,0.0655843428312214,0.0601572931155569
88,"F","S",154.6166,14,14.63906,0.0905465519226267,0.0946797433134605
88,"F","U",1057.6211,76,78.98343,0.0718593832895354,0.0746802706564761
88,"M","N",520.4153,45,51.51866,0.0864694024176461,0.0989952831901752
88,"M","S",362.7106,47,48.30502,0.129579890965414,0.133177855844301
88,"M","U",2202.2871,223,252.00874,0.101258369083668,0.114430466400135
88,"U","N",15.6861,2,1.39767,0.12750141845328,0.0891024537647981
88,"U","S",7.3036,1,0.81229,0.136918779779835,0.111217755627362
88,"U","U",76.9288,7,8.12502,0.0909932301036803,0.105617402065286
89,"F","N",331.7365,20,22.26345,0.0602888135613657,0.0671118493141394
89,"F","S",137.3892,8,13.99769,0.0582287399591817,0.101883481379905
89,"F","U",870.4471,64,71.20884,0.0735254330791613,0.081807200001011
89,"M","N",465.241,54,51.93004,0.116068876130866,0.111619655189461
89,"M","S",354.9776,47,50.9678,0.132402720622372,0.143580327322062
89,"M","U",1961.5208,216,248.16909,0.110118638558408,0.1265187144587
89,"U","N",19.0316,1,1.65249,0.052544189663507,0.0868287479770487
89,"U","S",7.8449,2,0.94861,0.254942701627809,0.120920598095578
89,"U","U",56.9664,4,6.08737,0.0702168295697113,0.106858955454443
90,"F","N",271.5743,14,20.70024,0.0515512697630078,0.0762231183142146
90,"F","S",123.5659,11,14.02336,0.0890213238441997,0.113488915631254
90,"F","U",842.5453,53,74.20337,0.0629046295789674,0.0880704811954918
90,"M","N",320.9758,32,39.93218,0.0996959895418907,0.124408693739528
90,"M","S",345.985,31,53.55265,0.0895992600835296,0.154783155339104
90,"M","U",1587.7431,202,217.31506,0.127224612092473,0.136870416882933
90,"U","N",9.9151,2,1.00608,0.201712539460016,0.101469475849966
90,"U","S",4.863,0,0.72783,0,0.149666872301049
90,"U","U",81.1824,3,9.60405,0.0369538225033997,0.118302119671259
91,"F","N",226.0776,23,18.24028,0.101734979493767,0.0806815005113289
91,"F","S",93.9241,7,11.0253,0.0745282627142554,0.117385207843354
91,"F","U",727.156,71,71.28377,0.0976406713277481,0.0980309177122928
91,"M","N",255.8717,20,33.68566,0.0781641736854838,0.131650588947508
91,"M","S",274.6837,30,46.79674,0.109216527955609,0.170365915414712
91,"M","U",1363.7438,188,203.04369,0.137855805467273,0.148886975691475
91,"U","N",7.7688,1,0.85593,0.128720008238081,0.11017531665122
91,"U","S",4.2927,0,0.75398,0,0.175642369604212
91,"U","U",48.4055,11,6.6793,0.227246903760936,0.137986385844584
92,"F","N",177.7677,20,16.22862,0.112506377705286,0.0912911625677781
92,"F","S",76.9608,6,9.65471,0.0779617675491939,0.12544970946248
92,"F","U",508.5402,76,53.22378,0.149447378987934,0.104659926589874
92,"M","N",192.5435,16,27.5576,0.0830981051035221,0.143124021325051
92,"M","S",184.0922,21,33.63643,0.114073274152843,0.182715128614901
92,"M","U",1305.9518,180,213.86433,0.137830507986589,0.163761273578397
92,"U","N",8.3532,4,1.05802,0.478858401570656,0.126660441507446
92,"U","S",3.8517,0,0.59812,0,0.155287275748371
92,"U","U",63.3371,13,8.6148,0.205250950864501,0.1360150685775
93,"F","N",115.4342,16,11.3178,0.138607102574454,0.098045466594822
93,"F","S",72.486,7,10.0347,0.096570372209806,0.138436387716249
93,"F","U",575.5275,73,65.34041,0.126840159679598,0.113531342985348
93,"M","N",134.6138,21,21.32369,0.156001836364474,0.15840641895556
93,"M","S",190.4752,24,37.3278,0.126000655203407,0.195971969054239
93,"M","U",963.338,130,166.51345,0.134947443161175,0.172850494841894
93,"U","N",1.6082,0,0.16402,0,0.1019898022634
93,"U","S",0.8822,0,0.15337,0,0.173849467240988
93,"U","U",47.6898,5,7.1733,0.104844222454277,0.150415812186254
94,"F","N",81.1457,10,8.6209,0.123235119051287,0.106239763782924
94,"F","S",55.6079,8,7.82527,0.143864450914348,0.140722271475815
94,"F","U",405.031,51,49.7195,0.125916287889075,0.122754801484331
94,"M","N",101.7979,10,17.47669,0.0982338535470771,0.171680260594767
94,"M","S",143.8887,28,30.14338,0.194594850047293,0.209490946822092
94,"M","U",764.032,152,142.43532,0.198944546825264,0.186425856508628
94,"U","N",2.9342,0,0.47712,0,0.162606502624225
94,"U","S",2.5008,0,0.45357,0,0.181369961612284
94,"U","U",34.2358,5,5.16465,0.146045951898305,0.150855245094316
95,"F","N",50.6285,8,5.78022,0.158013766949445,0.114169291999565
95,"F","S",30.7921,4,4.65569,0.129903449261337,0.151197547422878
95,"F","U",344.3319,58,46.73546,0.168442133883036,0.135727941558711
95,"M","N",64.7881,11,12.24003,0.169784265937726,0.188924046236886
95,"M","S",128.3423,27,28.07717,0.210374911467225,0.218767857518527
95,"M","U",601.1015,117,119.39448,0.194642668501077,0.198626155482893
95,"U","N",4.1671,0,0.51481,0,0.123541551678625
95,"U","S",2.7758,0,0.64552,0,0.232552777577635
95,"U","U",24.3845,5,4.26007,0.205048288872029,0.174704012795013
96,"F","N",38.9282,7,4.81562,0.179818229458336,0.123705180306308
96,"F","S",23.3071,7,3.74787,0.300337665346611,0.160803789403229
96,"F","U",252.0514,44,35.86895,0.174567568361057,0.142308076844644
96,"M","N",62.0675,14,11.91833,0.225560881298586,0.192022072743384
96,"M","S",62.7828,12,14.07567,0.191135151665743,0.224196276687246
96,"M","U",474.542,95,100.69838,0.20019302822511,0.212201196100661
96,"U","N",0.5069,0,0.07145,0,0.140954823436575
96,"U","S",0.1671,0,0.02354,0,0.140873728306403
96,"U","U",22.9323,4,4.09222,0.174426463983116,0.178447866110246
97,"F","N",29.9611,2,4.0683,0.0667532233462723,0.13578606926982
97,"F","S",26.2345,2,4.0932,0.0762354914330367,0.156023556766853
97,"F","U",185.1082,27,28.81479,0.14586063718409,0.155664578878731
97,"M","N",28.4421,6,6.17835,0.210954887297351,0.217225521322265
97,"M","S",65.0147,15,16.11307,0.230717053220272,0.247837335248798
97,"M","U",318.6734,52,70.54077,0.163176468447006,0.221357571733317
97,"U","S",1,1,0.24966,1,0.24966
97,"U","U",22.4272,4,4.60539,0.178354854819148,0.205348416208889
98,"F","N",23.093,4,3.45823,0.173212661845581,0.149752305893561
98,"F","S",13.8548,2,2.42693,0.144354303201778,0.175168894534746
98,"F","U",120.2718,24,20.74926,0.19954802372626,0.172519742782597
98,"M","N",17.1555,3,3.78748,0.174871032613448,0.220773512867593
98,"M","S",51.9872,11,13.26046,0.211590545365013,0.255071633017358
98,"M","U",231.2787,56,54.70484,0.242132111603879,0.236532114717006
98,"U","N",0.4438,0,0.06884,0,0.155114916629112
98,"U","S",0.7514,0,0.14702,0,0.195661431993612
98,"U","U",5.7402,2,1.08774,0.34841991568238,0.189495139542176
99,"F","N",10.4082,2,1.69412,0.1921561845468,0.162767817682212
99,"F","S",9.6615,3,1.79871,0.310510790249961,0.186172954510169
99,"F","U",89.0833,19,16.23486,0.213283522276341,0.182243585498068
99,"M","N",9.2627,2,2.09789,0.215919764215617,0.226487957075151
99,"M","S",26.316,4,6.70924,0.151998784009728,0.254949080407357
99,"M","U",152.7201,31,37.66747,0.202985723555707,0.246643827498803
99,"U","N",0.8712,1,0.21146,1,0.242722681359045
99,"U","U",7.9206,3,1.66507,0.378759184910234,0.210220185339494
100,"F","N",9.0761,3,1.53725,0.330538447130375,0.169373409283723
100,"F","S",9.7714,1,2.12657,0.102339480524797,0.217632069099617
100,"F","U",73.3421,12,14.42063,0.163616803991159,0.196621449344919
100,"M","N",7.6519,1,1.97103,0.130686496164351,0.257587004534821
100,"M","S",25.4027,7,6.85616,0.275561259236223,0.26989886901786
100,"M","U",103.401,27,27.00333,0.261119331534511,0.261151536252067
100,"U","U",3.0331,1,0.74637,0.32969569087732,0.246074972800105
101,"F","N",3.5338,2,0.74052,0.565962986020714,0.20955345520403
101,"F","S",4.7186,2,1.0639,0.423854533124232,0.225469418895435
101,"F","U",36.2207,5,7.74362,0.138042610993161,0.213789904667773
101,"M","N",3.5452,1,1.02634,0.282071533340855,0.289501297529053
101,"M","S",12.7178,2,3.87081,0.157259903442419,0.304361603421975
101,"M","U",72.2757,24,19.97438,0.332061813306547,0.276363701769751
101,"U","U",1.7288,1,0.44451,0.578435909301249,0.257120546043498
102,"F","N",2.4117,1,0.51839,0.414645270970685,0.214947962018493
102,"F","S",3.8253,1,0.89908,0.261417405170836,0.235035160640995
102,"F","U",27.3367,11,6.4814,0.402389461785804,0.237095187056228
102,"M","N",1.2713,1,0.35528,0.7865963973885,0.279461968064186
102,"M","S",7.7846,3,2.41041,0.3853762556843,0.309638260154664
102,"M","U",25.9534,8,7.65755,0.308244777177557,0.2950499741845
103,"F","N",1.0795,1,0.25407,0.926354793886058,0.235358962482631
103,"F","S",1.2,0,0.27858,0,0.23215
103,"F","U",15.8088,6,3.7744,0.3795354486109,0.238753099539497
103,"M","N",0.9617,0,0.29109,0,0.302682749298118
103,"M","S",2.1616,1,0.66425,0.462620281273131,0.307295521835677
103,"M","U",12.39,3,3.58769,0.242130750605327,0.289563357546408
103,"U","S",1,0,0.32083,0,0.32083
103,"U","U",1.6329,1,0.47942,0.612407373384776,0.293600342948129
104,"F","S",0.1288,0,0.02811,0,0.218245341614907
104,"F","U",9.4127,1,2.54278,0.106239442455406,0.270143529486757
104,"M","N",0.8712,0,0.25139,0,0.288556014692378
104,"M","S",3.959,2,1.18331,0.505178075271533,0.298891134124779
104,"M","U",15.1566,4,4.80423,0.263911431323648,0.316972803927002
105,"F","U",7.9961,2,2.18397,0.250121934443041,0.273129400582784
105,"M","N",0.011,0,0.00355,0,0.322727272727273
105,"M","S",2.3863,0,0.81476,0,0.341432342957717
105,"M","U",6.8358,0,2.35665,0,0.344751162994821
106,"F","S",0.0438,0,0.01182,0,0.26986301369863
106,"F","U",1.2227,0,0.35573,0,0.29093808783839
106,"M","S",1,0,0.48156,0,0.48156
106,"M","U",1.596,0,0.62308,0,0.390401002506266
107,"F","N",0.8767,0,0.31115,0,0.354910459678339
107,"F","S",1,1,0.38835,1,0.38835
107,"F","U",2.0164,1,0.63899,0.495933346558223,0.316896449117239
107,"M","U",3.6648,3,1.48706,0.818598559266536,0.405768391180965
107,"U","U",0.2027,0,0.05468,0,0.269758263443513
108,"F","S",0.7507,0,0.36999,0,0.49285999733582
108,"F","U",0.6761,0,0.22828,0,0.337642360597545
108,"M","N",0.9918,0,0.40329,0,0.406624319419238
108,"M","U",3.3207,0,1.31619,0,0.396359201373204
109,"F","U",0.8055,0,0.31281,0,0.388342644320298
109,"M","U",0.9287,0,0.39956,0,0.430235813502746
110,"F","U",0.8712,0,0.46133,0,0.529533976124885
110,"M","U",0.6312,0,0.27153,0,0.430180608365019
